{"version":2,"languages":{"nodejs-npm":{"specfileHash":"5c93febc99d04ebf134085dc5f0dbed9","lockfileHash":"9c32b31fa9ac73ed5763e05703d8f0a0","guessedImports":["@vitejs/plugin-react-refresh","react","react-dom"],"guessedImportsHash":"a9cd2eaed988a7aa3b7a805eb15edfa2"},"nodejs-yarn":{"specfileHash":"36fe129750f9b571f62775768dfd2747","lockfileHash":"8cd20b0f91e5e007eadff22a3178e342","guessedImports":["@vitejs/plugin-react-refresh","react","react-dom"],"guessedImportsHash":"24f6f3418ae857900ebf7b7e00dc4a7b"}}}
